<?xml version="1.0" encoding="UTF-8"?>
<beans xmlns="http://www.springframework.org/schema/beans"
       xmlns:xsi="http://www.w3.org/2001/XMLSchema-instance"
       xmlns:context="http://www.springframework.org/schema/context"
       xmlns:tx="http://www.springframework.org/schema/tx"
       xmlns:p="http://www.springframework.org/schema/p"
       xsi:schemaLocation="http://www.springframework.org/schema/beans
    http://www.springframework.org/schema/beans/spring-beans-3.0.xsd
    http://www.springframework.org/schema/context
    http://www.springframework.org/schema/context/spring-context-3.0.xsd
    http://www.springframework.org/schema/tx
    http://www.springframework.org/schema/tx/spring-tx.xsd">

    <tx:annotation-driven transaction-manager="transactionManager"/>

    <context:component-scan
            base-package="Controller" />
    <context:component-scan
            base-package="dao" />
    <context:component-scan
            base-package="model" />
    <context:component-scan
            base-package="service" />
    <context:component-scan
            base-package="ui" />
    <context:component-scan
            base-package="user" />

    <!--<context:component-scan-->
    <!--base-package="com.byteslounge.spring.tx.user.impl" />-->
    <!--<context:component-scan-->
    <!--base-package="com.byteslounge.spring.tx.admin.impl" />-->

    <bean id="dataSource" class="org.apache.commons.dbcp.BasicDataSource"
          destroy-method="close">
        <property name="driverClassName" value="com.mysql.jdbc.Driver" />
        <property name="url" value="jdbc:mysql://localhost:3306/toDo" />
        <property name="username" value="root" />
        <property name="password" value="toor" />
    </bean>

    <bean id="sessionFactory" class="org.springframework.orm.hibernate4.LocalSessionFactoryBean">
        <property name="dataSource" ref="dataSource"></property>
        <property name="hibernateProperties">
            <props>
                <prop
                        key="hibernate.dialect">org.hibernate.dialect.MySQLDialect</prop>
                <prop key="hibernate.show_sql">true</prop>
            </props>
        </property>
        <property name="packagesToScan" value="model" />
    </bean>

    <bean id="transactionManager"
          class="org.springframework.orm.hibernate4.HibernateTransactionManager"
          p:sessionFactory-ref="sessionFactory">
    </bean>


    <tx:advice id="txAdvice" transaction-manager="transactionManager">
        <tx:attributes>
            <tx:method name="find*" read-only="true" />
            <tx:method name="*" />
        </tx:attributes>
    </tx:advice>
</beans>